{"QueryPRHistoryRes":{"Tid":"123456","Status":{"Code":"200","Text":"SUCCESS"},"PurchaseRequisition":[{"NOTIFICATIONID":"2200679","REQUISITIONHEADERID":"254545","REQUISITIONNUMBER":"1104046994","DESCRIPTION":"VeracastCommunications_Bank of America Webcast_Invoice#8492","Amount":"750.00 USD","STATUS":"Approve","APPROVALREQUESTEDDATE":"Mon Oct 08 2012 08:11:35 GMT-0700 (PDT)","APPROVEDDATE":"Tue Oct 09 2012 03:20:49 GMT-0700 (PDT)","APPROVALREQUESTEDBY":"Fri Oct 12 2012 08:11:35 GMT-0700 (PDT)","APPROVEREMPLOYEENUMBER":"140901","TOUSER":"LIN, ANGELA","REQUESTOR":"FARROW, PALMIRA ELIZABETH"}]}}